{
    "js/lh/cookieconsent/klaro.bundle.js": "48052e0003ced69e79304fecbf77bdedd136d225b5a1deefd89172948c6ad629",
    "js/lh/cookieconsent/klaro.min.js": "7c77a0de80f662564c8ce63158494acacf74bca0cc6780925476b0ecd4f2bd2c",
    "src/addons/LH/CookieConsent/addon.json": "72975eebb77a2626bf55d3b925f607fffd77137e1d488f2367ec1a53b40ed05c",
    "src/addons/LH/CookieConsent/CookieConsent.php": "6d58714834dc9b1cb6805fbf85a35e613adc823cb77b9924c85eed08dcb73484",
    "src/addons/LH/CookieConsent/Entity/App.php": "12a01289524e01b6b6284c41fcd3484426d2a755a670cf4595e372e5b30542d5",
    "src/addons/LH/CookieConsent/Entity/Purpose.php": "623ef11a061d858821c4a66a1645a01dda9aa4f8e344e8ea0cfb1df3f55b7b08",
    "src/addons/LH/CookieConsent/Repository/App.php": "1328061c5382ef106d3dba158f91cbb533784a72467fea3b558391227540558e",
    "src/addons/LH/CookieConsent/Repository/Purpose.php": "8bc05764831bfcc7e53c41daf89f239a5d534955da670be5f588d1cd690a4f13",
    "src/addons/LH/CookieConsent/Setup.php": "36982db862e528bd033000d3a882a01a86a765da4f12a66c5d920cfa6522e39b",
    "src/addons/LH/CookieConsent/XF/Admin/Controller/App.php": "078fb88331da212b3ef3f1b45e6ecb877788e464860c661eb0464dd7081d15cf",
    "src/addons/LH/CookieConsent/XF/Admin/Controller/Purpose.php": "a752864724ea8ffe427dccdb7b47fd5f8d911fd6dcb9a06018938b0bb6c71a3b",
    "src/addons/LH/CookieConsent/_data/admin_navigation.xml": "6e35fa08a9a96fd1e91e49b986ecd69014712a5e525c1fdc829e43b3739adaa1",
    "src/addons/LH/CookieConsent/_data/admin_permission.xml": "ec6fb97cebf0bceb24f1ed1d5778c1db54eeb7535fbb3e31d824840e7aa9ff87",
    "src/addons/LH/CookieConsent/_data/advertising_positions.xml": "d2f7cbe844bb1df3cf878d22ff6306249245c8ff6b0b87b9b729744bec538261",
    "src/addons/LH/CookieConsent/_data/api_scopes.xml": "6793eaf758f140e8137187ba20e65f4faccf53410433ae3ad7a8b3b38cb6b3b7",
    "src/addons/LH/CookieConsent/_data/bb_codes.xml": "faa4ddd5f4a365e5ac39aebdcbe2d25aedf74e7eb9ea4a812766e2fd5e13bdb1",
    "src/addons/LH/CookieConsent/_data/bb_code_media_sites.xml": "29762987990187b33e43cfb68c08dc917b2d3f0176613d78f8e6c453f82da3f3",
    "src/addons/LH/CookieConsent/_data/class_extensions.xml": "1f548b8006e9952a3f5889f71e09fdfa6726ac1a47c1af7b2626d1a88920d5a4",
    "src/addons/LH/CookieConsent/_data/code_events.xml": "8370dec3df47f91df4cf79da253446ad11b29f4ea568fe76c774e97a0379f0eb",
    "src/addons/LH/CookieConsent/_data/code_event_listeners.xml": "d6b5072f4909dee7a20ee9e44b163f95c8aa52e6ac7f573e292000cd9238c331",
    "src/addons/LH/CookieConsent/_data/content_type_fields.xml": "c7ad5472b28f465b7ac7617627707eba1b7a39d28089460d52e1ed292fc0b06a",
    "src/addons/LH/CookieConsent/_data/cron.xml": "323c4284742ef24329cd6db6f288eb9736d2353f36852e1db12591e1583aea26",
    "src/addons/LH/CookieConsent/_data/help_pages.xml": "a8a0c0b06cdc550438bc8a8d385af3e1e5ab3459877dfb934c1c31be59c89163",
    "src/addons/LH/CookieConsent/_data/member_stats.xml": "89fb2b93ff1eca7a1f6f752248edf6090dfd24037db1446fd18ff7143f08124d",
    "src/addons/LH/CookieConsent/_data/navigation.xml": "f75e1c03a45a360bbdfcd0567121665082315068475d5b0feb8b1acbb1688651",
    "src/addons/LH/CookieConsent/_data/options.xml": "806b789ec9f106a83af001d33fb54cc08c2e69758841580f16a4cc40d0def4c4",
    "src/addons/LH/CookieConsent/_data/option_groups.xml": "830ebe2d3ddbb7e6daefbb7e64b5be7aa8977b9bb0b1ae70ba323019a151dfe9",
    "src/addons/LH/CookieConsent/_data/permissions.xml": "7e4fc7d5826733d15ea2d8936b9bdd41afcaad810eb38e50da3c8d8eafda1550",
    "src/addons/LH/CookieConsent/_data/permission_interface_groups.xml": "3177224e96458b829aa7fb24866dda9e0455a4922aee3d669b53f59a1ffdf5d1",
    "src/addons/LH/CookieConsent/_data/phrases.xml": "0e4443910bd6301537843c4df9e18068d49e183db1b20d02c52d5912edf24262",
    "src/addons/LH/CookieConsent/_data/routes.xml": "903fdd0547314c0fa7a82f45e56408f42caf6dd5460130e1b8a0c51e87936280",
    "src/addons/LH/CookieConsent/_data/style_properties.xml": "8b8690a8512f01f219dd2da76e3d0c5f62afc1f317b87794a7331c859c36a7a8",
    "src/addons/LH/CookieConsent/_data/style_property_groups.xml": "68e1879cb3846c42d978487aa8d5145ff3335fc39e58016878824d5cf3fd684c",
    "src/addons/LH/CookieConsent/_data/templates.xml": "a88796d26359bca9177af86f5f94638dd4467b6e8a6b9cb9c7558f9eef0eeb3b",
    "src/addons/LH/CookieConsent/_data/template_modifications.xml": "fa398dcff5236f85e171b9bc382e2a51b45ca9a4cd46243c89fce33942cd1eaf",
    "src/addons/LH/CookieConsent/_data/widget_definitions.xml": "37e46965256430f24004c2e7f08ba08f9b0d1cbcc4d70e84b3f4e3ffb713e64b",
    "src/addons/LH/CookieConsent/_data/widget_positions.xml": "a29cee66134f6bc5d75ed9df1eef21096c24401915c5b5c774389c3d7bb2d5b3"
}